/Users/irenecheung/Desktop/Data_Car/IMG/center_2023_01_03_10_21_55_716.jpg, /Users/irenecheung/Desktop/Data_Car/IMG/left_2023_01_03_10_21_55_716.jpg, /Users/irenecheung/Desktop/Data_Car/IMG/right_2023_01_03_10_21_55_716.jpg, 0, 0, 0, 7.806234E-05
/Users/irenecheung/Desktop/Data_Car/IMG/center_2023_01_03_10_21_55_818.jpg, /Users/irenecheung/Desktop/Data_Car/IMG/left_2023_01_03_10_21_55_818.jpg, /Users/irenecheung/Desktop/Data_Car/IMG/right_2023_01_03_10_21_55_818.jpg, 0, 0, 0, 7.818593E-05
/Users/irenecheung/Desktop/Data_Car/IMG/center_2023_01_03_10_21_55_920.jpg, /Users/irenecheung/Desktop/Data_Car/IMG/left_2023_01_03_10_21_55_920.jpg, /Users/irenecheung/Desktop/Data_Car/IMG/right_2023_01_03_10_21_55_920.jpg, 0, 0, 0, 7.800348E-05
/Users/irenecheung/Desktop/Data_Car/IMG/center_2023_01_03_10_21_56_023.jpg, /Users/irenecheung/Desktop/Data_Car/IMG/left_2023_01_03_10_21_56_023.jpg, /Users/irenecheung/Desktop/Data_Car/IMG/right_2023_01_03_10_21_56_023.jpg, 0, 0, 0, 8.030309E-05
/Users/irenecheung/Desktop/Data_Car/IMG/center_2023_01_03_10_21_56_125.jpg, /Users/irenecheung/Desktop/Data_Car/IMG/left_2023_01_03_10_21_56_125.jpg, /Users/irenecheung/Desktop/Data_Car/IMG/right_2023_01_03_10_21_56_125.jpg, 0, 0, 0, 7.854745E-05
/Users/irenecheung/Desktop/Data_Car/IMG/center_2023_01_03_10_21_56_230.jpg, /Users/irenecheung/Desktop/Data_Car/IMG/left_2023_01_03_10_21_56_230.jpg, /Users/irenecheung/Desktop/Data_Car/IMG/right_2023_01_03_10_21_56_230.jpg, 0, 0, 0, 7.766575E-05
/Users/irenecheung/Desktop/Data_Car/IMG/center_2023_01_03_10_21_56_345.jpg, /Users/irenecheung/Desktop/Data_Car/IMG/left_2023_01_03_10_21_56_345.jpg, /Users/irenecheung/Desktop/Data_Car/IMG/right_2023_01_03_10_21_56_345.jpg, 0, 0, 0, 7.808132E-05
/Users/irenecheung/Desktop/Data_Car/IMG/center_2023_01_03_10_21_56_446.jpg, /Users/irenecheung/Desktop/Data_Car/IMG/left_2023_01_03_10_21_56_446.jpg, /Users/irenecheung/Desktop/Data_Car/IMG/right_2023_01_03_10_21_56_446.jpg, 0, 0, 0, 7.798137E-05
/Users/irenecheung/Desktop/Data_Car/IMG/center_2023_01_03_10_21_56_550.jpg, /Users/irenecheung/Desktop/Data_Car/IMG/left_2023_01_03_10_21_56_550.jpg, /Users/irenecheung/Desktop/Data_Car/IMG/right_2023_01_03_10_21_56_550.jpg, 0, 0, 0, 7.931895E-05
/Users/irenecheung/Desktop/Data_Car/IMG/center_2023_01_03_10_21_56_654.jpg, /Users/irenecheung/Desktop/Data_Car/IMG/left_2023_01_03_10_21_56_654.jpg, /Users/irenecheung/Desktop/Data_Car/IMG/right_2023_01_03_10_21_56_654.jpg, 0, 0, 0, 7.803747E-05
/Users/irenecheung/Desktop/Data_Car/IMG/center_2023_01_03_10_21_56_756.jpg, /Users/irenecheung/Desktop/Data_Car/IMG/left_2023_01_03_10_21_56_756.jpg, /Users/irenecheung/Desktop/Data_Car/IMG/right_2023_01_03_10_21_56_756.jpg, 0, 0, 0, 7.841973E-05
/Users/irenecheung/Desktop/Data_Car/IMG/center_2023_01_03_10_21_56_861.jpg, /Users/irenecheung/Desktop/Data_Car/IMG/left_2023_01_03_10_21_56_861.jpg, /Users/irenecheung/Desktop/Data_Car/IMG/right_2023_01_03_10_21_56_861.jpg, 0, 0, 0, 7.996961E-05
/Users/irenecheung/Desktop/Data_Car/IMG/center_2023_01_03_10_21_56_962.jpg, /Users/irenecheung/Desktop/Data_Car/IMG/left_2023_01_03_10_21_56_962.jpg, /Users/irenecheung/Desktop/Data_Car/IMG/right_2023_01_03_10_21_56_962.jpg, 0, 0, 0, 7.808188E-05
/Users/irenecheung/Desktop/Data_Car/IMG/center_2023_01_03_10_21_57_067.jpg, /Users/irenecheung/Desktop/Data_Car/IMG/left_2023_01_03_10_21_57_067.jpg, /Users/irenecheung/Desktop/Data_Car/IMG/right_2023_01_03_10_21_57_067.jpg, 0, 0, 0, 7.800489E-05
/Users/irenecheung/Desktop/Data_Car/IMG/center_2023_01_03_10_21_57_168.jpg, /Users/irenecheung/Desktop/Data_Car/IMG/left_2023_01_03_10_21_57_168.jpg, /Users/irenecheung/Desktop/Data_Car/IMG/right_2023_01_03_10_21_57_168.jpg, 0, 0, 0, 7.78841E-05
/Users/irenecheung/Desktop/Data_Car/IMG/center_2023_01_03_10_21_57_270.jpg, /Users/irenecheung/Desktop/Data_Car/IMG/left_2023_01_03_10_21_57_270.jpg, /Users/irenecheung/Desktop/Data_Car/IMG/right_2023_01_03_10_21_57_270.jpg, 0, 0, 0, 7.875397E-05
/Users/irenecheung/Desktop/Data_Car/IMG/center_2023_01_03_10_21_57_371.jpg, /Users/irenecheung/Desktop/Data_Car/IMG/left_2023_01_03_10_21_57_371.jpg, /Users/irenecheung/Desktop/Data_Car/IMG/right_2023_01_03_10_21_57_371.jpg, 0, 0, 0, 7.921423E-05
/Users/irenecheung/Desktop/Data_Car/IMG/center_2023_01_03_10_21_57_475.jpg, /Users/irenecheung/Desktop/Data_Car/IMG/left_2023_01_03_10_21_57_475.jpg, /Users/irenecheung/Desktop/Data_Car/IMG/right_2023_01_03_10_21_57_475.jpg, 0, 0, 0, 7.793205E-05
/Users/irenecheung/Desktop/Data_Car/IMG/center_2023_01_03_10_21_57_577.jpg, /Users/irenecheung/Desktop/Data_Car/IMG/left_2023_01_03_10_21_57_577.jpg, /Users/irenecheung/Desktop/Data_Car/IMG/right_2023_01_03_10_21_57_577.jpg, 0, 0, 0, 7.846514E-05
/Users/irenecheung/Desktop/Data_Car/IMG/center_2023_01_03_10_21_57_681.jpg, /Users/irenecheung/Desktop/Data_Car/IMG/left_2023_01_03_10_21_57_681.jpg, /Users/irenecheung/Desktop/Data_Car/IMG/right_2023_01_03_10_21_57_681.jpg, 0, 0, 0, 7.834684E-05
/Users/irenecheung/Desktop/Data_Car/IMG/center_2023_01_03_10_21_57_785.jpg, /Users/irenecheung/Desktop/Data_Car/IMG/left_2023_01_03_10_21_57_785.jpg, /Users/irenecheung/Desktop/Data_Car/IMG/right_2023_01_03_10_21_57_785.jpg, 0, 0, 0, 7.868995E-05
/Users/irenecheung/Desktop/Data_Car/IMG/center_2023_01_03_10_21_57_885.jpg, /Users/irenecheung/Desktop/Data_Car/IMG/left_2023_01_03_10_21_57_885.jpg, /Users/irenecheung/Desktop/Data_Car/IMG/right_2023_01_03_10_21_57_885.jpg, 0, 0, 0, 8.08779E-05
/Users/irenecheung/Desktop/Data_Car/IMG/center_2023_01_03_10_21_57_986.jpg, /Users/irenecheung/Desktop/Data_Car/IMG/left_2023_01_03_10_21_57_986.jpg, /Users/irenecheung/Desktop/Data_Car/IMG/right_2023_01_03_10_21_57_986.jpg, 0, 0, 0, 7.794284E-05
/Users/irenecheung/Desktop/Data_Car/IMG/center_2023_01_03_10_21_58_089.jpg, /Users/irenecheung/Desktop/Data_Car/IMG/left_2023_01_03_10_21_58_089.jpg, /Users/irenecheung/Desktop/Data_Car/IMG/right_2023_01_03_10_21_58_089.jpg, 0, 0, 0, 7.800029E-05
/Users/irenecheung/Desktop/Data_Car/IMG/center_2023_01_03_10_21_58_191.jpg, /Users/irenecheung/Desktop/Data_Car/IMG/left_2023_01_03_10_21_58_191.jpg, /Users/irenecheung/Desktop/Data_Car/IMG/right_2023_01_03_10_21_58_191.jpg, 0, 0, 0, 7.811491E-05
/Users/irenecheung/Desktop/Data_Car/IMG/center_2023_01_03_10_21_58_296.jpg, /Users/irenecheung/Desktop/Data_Car/IMG/left_2023_01_03_10_21_58_296.jpg, /Users/irenecheung/Desktop/Data_Car/IMG/right_2023_01_03_10_21_58_296.jpg, 0, 0, 0, 7.796491E-05
/Users/irenecheung/Desktop/Data_Car/IMG/center_2023_01_03_10_21_58_404.jpg, /Users/irenecheung/Desktop/Data_Car/IMG/left_2023_01_03_10_21_58_404.jpg, /Users/irenecheung/Desktop/Data_Car/IMG/right_2023_01_03_10_21_58_404.jpg, 0, 0, 0, 8.196053E-05
/Users/irenecheung/Desktop/Data_Car/IMG/center_2023_01_03_10_21_58_506.jpg, /Users/irenecheung/Desktop/Data_Car/IMG/left_2023_01_03_10_21_58_506.jpg, /Users/irenecheung/Desktop/Data_Car/IMG/right_2023_01_03_10_21_58_506.jpg, 0, 0, 0, 7.78535E-05
/Users/irenecheung/Desktop/Data_Car/IMG/center_2023_01_03_10_21_58_609.jpg, /Users/irenecheung/Desktop/Data_Car/IMG/left_2023_01_03_10_21_58_609.jpg, /Users/irenecheung/Desktop/Data_Car/IMG/right_2023_01_03_10_21_58_609.jpg, 0, 0, 0, 7.857844E-05
/Users/irenecheung/Desktop/Data_Car/IMG/center_2023_01_03_10_21_58_709.jpg, /Users/irenecheung/Desktop/Data_Car/IMG/left_2023_01_03_10_21_58_709.jpg, /Users/irenecheung/Desktop/Data_Car/IMG/right_2023_01_03_10_21_58_709.jpg, 0, 0, 0, 7.92038E-05
/Users/irenecheung/Desktop/Data_Car/IMG/center_2023_01_03_10_21_58_809.jpg, /Users/irenecheung/Desktop/Data_Car/IMG/left_2023_01_03_10_21_58_809.jpg, /Users/irenecheung/Desktop/Data_Car/IMG/right_2023_01_03_10_21_58_809.jpg, 0, 0, 0, 7.83513E-05
/Users/irenecheung/Desktop/Data_Car/IMG/center_2023_01_03_10_21_58_912.jpg, /Users/irenecheung/Desktop/Data_Car/IMG/left_2023_01_03_10_21_58_912.jpg, /Users/irenecheung/Desktop/Data_Car/IMG/right_2023_01_03_10_21_58_912.jpg, 0, 0, 0, 8.021509E-05
/Users/irenecheung/Desktop/Data_Car/IMG/center_2023_01_03_10_21_59_018.jpg, /Users/irenecheung/Desktop/Data_Car/IMG/left_2023_01_03_10_21_59_018.jpg, /Users/irenecheung/Desktop/Data_Car/IMG/right_2023_01_03_10_21_59_018.jpg, 0, 0, 0, 7.798705E-05
/Users/irenecheung/Desktop/Data_Car/IMG/center_2023_01_03_10_21_59_120.jpg, /Users/irenecheung/Desktop/Data_Car/IMG/left_2023_01_03_10_21_59_120.jpg, /Users/irenecheung/Desktop/Data_Car/IMG/right_2023_01_03_10_21_59_120.jpg, 0, 0, 0, 8.037455E-05
/Users/irenecheung/Desktop/Data_Car/IMG/center_2023_01_03_10_21_59_223.jpg, /Users/irenecheung/Desktop/Data_Car/IMG/left_2023_01_03_10_21_59_223.jpg, /Users/irenecheung/Desktop/Data_Car/IMG/right_2023_01_03_10_21_59_223.jpg, 0, 0, 0, 7.833762E-05
/Users/irenecheung/Desktop/Data_Car/IMG/center_2023_01_03_10_21_59_324.jpg, /Users/irenecheung/Desktop/Data_Car/IMG/left_2023_01_03_10_21_59_324.jpg, /Users/irenecheung/Desktop/Data_Car/IMG/right_2023_01_03_10_21_59_324.jpg, 0, 0, 0, 7.858128E-05
/Users/irenecheung/Desktop/Data_Car/IMG/center_2023_01_03_10_21_59_425.jpg, /Users/irenecheung/Desktop/Data_Car/IMG/left_2023_01_03_10_21_59_425.jpg, /Users/irenecheung/Desktop/Data_Car/IMG/right_2023_01_03_10_21_59_425.jpg, 0, 0, 0, 7.925178E-05
/Users/irenecheung/Desktop/Data_Car/IMG/center_2023_01_03_10_21_59_527.jpg, /Users/irenecheung/Desktop/Data_Car/IMG/left_2023_01_03_10_21_59_527.jpg, /Users/irenecheung/Desktop/Data_Car/IMG/right_2023_01_03_10_21_59_527.jpg, 0, 0, 0, 7.802057E-05
/Users/irenecheung/Desktop/Data_Car/IMG/center_2023_01_03_10_21_59_632.jpg, /Users/irenecheung/Desktop/Data_Car/IMG/left_2023_01_03_10_21_59_632.jpg, /Users/irenecheung/Desktop/Data_Car/IMG/right_2023_01_03_10_21_59_632.jpg, 0, 0, 0, 7.815225E-05
/Users/irenecheung/Desktop/Data_Car/IMG/center_2023_01_03_10_21_59_734.jpg, /Users/irenecheung/Desktop/Data_Car/IMG/left_2023_01_03_10_21_59_734.jpg, /Users/irenecheung/Desktop/Data_Car/IMG/right_2023_01_03_10_21_59_734.jpg, 0, 0, 0, 7.795909E-05
/Users/irenecheung/Desktop/Data_Car/IMG/center_2023_01_03_10_21_59_836.jpg, /Users/irenecheung/Desktop/Data_Car/IMG/left_2023_01_03_10_21_59_836.jpg, /Users/irenecheung/Desktop/Data_Car/IMG/right_2023_01_03_10_21_59_836.jpg, 0, 0, 0, 8.341221E-05
/Users/irenecheung/Desktop/Data_Car/IMG/center_2023_01_03_10_21_59_939.jpg, /Users/irenecheung/Desktop/Data_Car/IMG/left_2023_01_03_10_21_59_939.jpg, /Users/irenecheung/Desktop/Data_Car/IMG/right_2023_01_03_10_21_59_939.jpg, 0, 0, 0, 7.85695E-05
/Users/irenecheung/Desktop/Data_Car/IMG/center_2023_01_03_10_22_00_040.jpg, /Users/irenecheung/Desktop/Data_Car/IMG/left_2023_01_03_10_22_00_040.jpg, /Users/irenecheung/Desktop/Data_Car/IMG/right_2023_01_03_10_22_00_040.jpg, 0, 0, 0, 7.868552E-05
/Users/irenecheung/Desktop/Data_Car/IMG/center_2023_01_03_10_22_00_143.jpg, /Users/irenecheung/Desktop/Data_Car/IMG/left_2023_01_03_10_22_00_143.jpg, /Users/irenecheung/Desktop/Data_Car/IMG/right_2023_01_03_10_22_00_143.jpg, 0, 0, 0, 7.794082E-05
/Users/irenecheung/Desktop/Data_Car/IMG/center_2023_01_03_10_22_00_244.jpg, /Users/irenecheung/Desktop/Data_Car/IMG/left_2023_01_03_10_22_00_244.jpg, /Users/irenecheung/Desktop/Data_Car/IMG/right_2023_01_03_10_22_00_244.jpg, 0, 0, 0, 7.818115E-05
/Users/irenecheung/Desktop/Data_Car/IMG/center_2023_01_03_10_22_00_348.jpg, /Users/irenecheung/Desktop/Data_Car/IMG/left_2023_01_03_10_22_00_348.jpg, /Users/irenecheung/Desktop/Data_Car/IMG/right_2023_01_03_10_22_00_348.jpg, 0, 0, 0, 7.861652E-05
/Users/irenecheung/Desktop/Data_Car/IMG/center_2023_01_03_10_22_00_448.jpg, /Users/irenecheung/Desktop/Data_Car/IMG/left_2023_01_03_10_22_00_448.jpg, /Users/irenecheung/Desktop/Data_Car/IMG/right_2023_01_03_10_22_00_448.jpg, 0, 0, 0, 7.810312E-05
/Users/irenecheung/Desktop/Data_Car/IMG/center_2023_01_03_10_22_00_548.jpg, /Users/irenecheung/Desktop/Data_Car/IMG/left_2023_01_03_10_22_00_548.jpg, /Users/irenecheung/Desktop/Data_Car/IMG/right_2023_01_03_10_22_00_548.jpg, 0, 0, 0, 7.862229E-05
/Users/irenecheung/Desktop/Data_Car/IMG/center_2023_01_03_10_22_00_651.jpg, /Users/irenecheung/Desktop/Data_Car/IMG/left_2023_01_03_10_22_00_651.jpg, /Users/irenecheung/Desktop/Data_Car/IMG/right_2023_01_03_10_22_00_651.jpg, 0, 0, 0, 7.835699E-05
/Users/irenecheung/Desktop/Data_Car/IMG/center_2023_01_03_10_22_00_756.jpg, /Users/irenecheung/Desktop/Data_Car/IMG/left_2023_01_03_10_22_00_756.jpg, /Users/irenecheung/Desktop/Data_Car/IMG/right_2023_01_03_10_22_00_756.jpg, 0, 0, 0, 7.794428E-05
/Users/irenecheung/Desktop/Data_Car/IMG/center_2023_01_03_10_22_00_858.jpg, /Users/irenecheung/Desktop/Data_Car/IMG/left_2023_01_03_10_22_00_858.jpg, /Users/irenecheung/Desktop/Data_Car/IMG/right_2023_01_03_10_22_00_858.jpg, 0, 0, 0, 7.845261E-05
/Users/irenecheung/Desktop/Data_Car/IMG/center_2023_01_03_10_22_00_962.jpg, /Users/irenecheung/Desktop/Data_Car/IMG/left_2023_01_03_10_22_00_962.jpg, /Users/irenecheung/Desktop/Data_Car/IMG/right_2023_01_03_10_22_00_962.jpg, 0, 0, 0, 7.844208E-05
/Users/irenecheung/Desktop/Data_Car/IMG/center_2023_01_03_10_22_01_062.jpg, /Users/irenecheung/Desktop/Data_Car/IMG/left_2023_01_03_10_22_01_062.jpg, /Users/irenecheung/Desktop/Data_Car/IMG/right_2023_01_03_10_22_01_062.jpg, 0, 0, 0, 7.878333E-05
/Users/irenecheung/Desktop/Data_Car/IMG/center_2023_01_03_10_22_01_165.jpg, /Users/irenecheung/Desktop/Data_Car/IMG/left_2023_01_03_10_22_01_165.jpg, /Users/irenecheung/Desktop/Data_Car/IMG/right_2023_01_03_10_22_01_165.jpg, 0, 0, 0, 7.813694E-05
/Users/irenecheung/Desktop/Data_Car/IMG/center_2023_01_03_10_22_01_268.jpg, /Users/irenecheung/Desktop/Data_Car/IMG/left_2023_01_03_10_22_01_268.jpg, /Users/irenecheung/Desktop/Data_Car/IMG/right_2023_01_03_10_22_01_268.jpg, 0, 0, 0, 7.792117E-05
/Users/irenecheung/Desktop/Data_Car/IMG/center_2023_01_03_10_22_01_370.jpg, /Users/irenecheung/Desktop/Data_Car/IMG/left_2023_01_03_10_22_01_370.jpg, /Users/irenecheung/Desktop/Data_Car/IMG/right_2023_01_03_10_22_01_370.jpg, 0, 0, 0, 7.844274E-05
/Users/irenecheung/Desktop/Data_Car/IMG/center_2023_01_03_10_22_01_474.jpg, /Users/irenecheung/Desktop/Data_Car/IMG/left_2023_01_03_10_22_01_474.jpg, /Users/irenecheung/Desktop/Data_Car/IMG/right_2023_01_03_10_22_01_474.jpg, 0, 0, 0, 8.074276E-05
/Users/irenecheung/Desktop/Data_Car/IMG/center_2023_01_03_10_22_01_584.jpg, /Users/irenecheung/Desktop/Data_Car/IMG/left_2023_01_03_10_22_01_584.jpg, /Users/irenecheung/Desktop/Data_Car/IMG/right_2023_01_03_10_22_01_584.jpg, 0, 0, 0, 7.818684E-05
/Users/irenecheung/Desktop/Data_Car/IMG/center_2023_01_03_10_22_01_684.jpg, /Users/irenecheung/Desktop/Data_Car/IMG/left_2023_01_03_10_22_01_684.jpg, /Users/irenecheung/Desktop/Data_Car/IMG/right_2023_01_03_10_22_01_684.jpg, 0, 0, 0, 7.858498E-05
/Users/irenecheung/Desktop/Data_Car/IMG/center_2023_01_03_10_22_01_788.jpg, /Users/irenecheung/Desktop/Data_Car/IMG/left_2023_01_03_10_22_01_788.jpg, /Users/irenecheung/Desktop/Data_Car/IMG/right_2023_01_03_10_22_01_788.jpg, 0, 0, 0, 7.800324E-05
/Users/irenecheung/Desktop/Data_Car/IMG/center_2023_01_03_10_22_01_890.jpg, /Users/irenecheung/Desktop/Data_Car/IMG/left_2023_01_03_10_22_01_890.jpg, /Users/irenecheung/Desktop/Data_Car/IMG/right_2023_01_03_10_22_01_890.jpg, 0, 0, 0, 7.850702E-05
/Users/irenecheung/Desktop/Data_Car/IMG/center_2023_01_03_10_22_01_990.jpg, /Users/irenecheung/Desktop/Data_Car/IMG/left_2023_01_03_10_22_01_990.jpg, /Users/irenecheung/Desktop/Data_Car/IMG/right_2023_01_03_10_22_01_990.jpg, 0, 0, 0, 7.889552E-05
/Users/irenecheung/Desktop/Data_Car/IMG/center_2023_01_03_10_22_02_092.jpg, /Users/irenecheung/Desktop/Data_Car/IMG/left_2023_01_03_10_22_02_092.jpg, /Users/irenecheung/Desktop/Data_Car/IMG/right_2023_01_03_10_22_02_092.jpg, 0, 0, 0, 7.871908E-05
/Users/irenecheung/Desktop/Data_Car/IMG/center_2023_01_03_10_22_02_194.jpg, /Users/irenecheung/Desktop/Data_Car/IMG/left_2023_01_03_10_22_02_194.jpg, /Users/irenecheung/Desktop/Data_Car/IMG/right_2023_01_03_10_22_02_194.jpg, 0, 0, 0, 7.783001E-05
/Users/irenecheung/Desktop/Data_Car/IMG/center_2023_01_03_10_22_02_297.jpg, /Users/irenecheung/Desktop/Data_Car/IMG/left_2023_01_03_10_22_02_297.jpg, /Users/irenecheung/Desktop/Data_Car/IMG/right_2023_01_03_10_22_02_297.jpg, 0, 0, 0, 7.866354E-05
/Users/irenecheung/Desktop/Data_Car/IMG/center_2023_01_03_10_22_02_402.jpg, /Users/irenecheung/Desktop/Data_Car/IMG/left_2023_01_03_10_22_02_402.jpg, /Users/irenecheung/Desktop/Data_Car/IMG/right_2023_01_03_10_22_02_402.jpg, 0, 0, 0, 8.143458E-05
/Users/irenecheung/Desktop/Data_Car/IMG/center_2023_01_03_10_22_02_502.jpg, /Users/irenecheung/Desktop/Data_Car/IMG/left_2023_01_03_10_22_02_502.jpg, /Users/irenecheung/Desktop/Data_Car/IMG/right_2023_01_03_10_22_02_502.jpg, 0, 0, 0, 8.03341E-05
/Users/irenecheung/Desktop/Data_Car/IMG/center_2023_01_03_10_22_02_607.jpg, /Users/irenecheung/Desktop/Data_Car/IMG/left_2023_01_03_10_22_02_607.jpg, /Users/irenecheung/Desktop/Data_Car/IMG/right_2023_01_03_10_22_02_607.jpg, 0, 0, 0, 7.894921E-05
/Users/irenecheung/Desktop/Data_Car/IMG/center_2023_01_03_10_22_02_708.jpg, /Users/irenecheung/Desktop/Data_Car/IMG/left_2023_01_03_10_22_02_708.jpg, /Users/irenecheung/Desktop/Data_Car/IMG/right_2023_01_03_10_22_02_708.jpg, 0, 0, 0, 7.756214E-05
/Users/irenecheung/Desktop/Data_Car/IMG/center_2023_01_03_10_22_02_813.jpg, /Users/irenecheung/Desktop/Data_Car/IMG/left_2023_01_03_10_22_02_813.jpg, /Users/irenecheung/Desktop/Data_Car/IMG/right_2023_01_03_10_22_02_813.jpg, 0, 0, 0, 7.93426E-05
/Users/irenecheung/Desktop/Data_Car/IMG/center_2023_01_03_10_22_02_927.jpg, /Users/irenecheung/Desktop/Data_Car/IMG/left_2023_01_03_10_22_02_927.jpg, /Users/irenecheung/Desktop/Data_Car/IMG/right_2023_01_03_10_22_02_927.jpg, 0, 0, 0, 7.789869E-05
/Users/irenecheung/Desktop/Data_Car/IMG/center_2023_01_03_10_22_03_030.jpg, /Users/irenecheung/Desktop/Data_Car/IMG/left_2023_01_03_10_22_03_030.jpg, /Users/irenecheung/Desktop/Data_Car/IMG/right_2023_01_03_10_22_03_030.jpg, 0, 0, 0, 7.872539E-05
/Users/irenecheung/Desktop/Data_Car/IMG/center_2023_01_03_10_22_03_134.jpg, /Users/irenecheung/Desktop/Data_Car/IMG/left_2023_01_03_10_22_03_134.jpg, /Users/irenecheung/Desktop/Data_Car/IMG/right_2023_01_03_10_22_03_134.jpg, 0, 0, 0, 7.911224E-05
/Users/irenecheung/Desktop/Data_Car/IMG/center_2023_01_03_10_22_03_237.jpg, /Users/irenecheung/Desktop/Data_Car/IMG/left_2023_01_03_10_22_03_237.jpg, /Users/irenecheung/Desktop/Data_Car/IMG/right_2023_01_03_10_22_03_237.jpg, 0, 0, 0, 7.997175E-05
/Users/irenecheung/Desktop/Data_Car/IMG/center_2023_01_03_10_22_03_340.jpg, /Users/irenecheung/Desktop/Data_Car/IMG/left_2023_01_03_10_22_03_340.jpg, /Users/irenecheung/Desktop/Data_Car/IMG/right_2023_01_03_10_22_03_340.jpg, 0, 0, 0, 7.785141E-05
/Users/irenecheung/Desktop/Data_Car/IMG/center_2023_01_03_10_22_03_443.jpg, /Users/irenecheung/Desktop/Data_Car/IMG/left_2023_01_03_10_22_03_443.jpg, /Users/irenecheung/Desktop/Data_Car/IMG/right_2023_01_03_10_22_03_443.jpg, 0, 0, 0, 7.864209E-05
/Users/irenecheung/Desktop/Data_Car/IMG/center_2023_01_03_10_22_03_548.jpg, /Users/irenecheung/Desktop/Data_Car/IMG/left_2023_01_03_10_22_03_548.jpg, /Users/irenecheung/Desktop/Data_Car/IMG/right_2023_01_03_10_22_03_548.jpg, 0, 0, 0, 7.769719E-05
/Users/irenecheung/Desktop/Data_Car/IMG/center_2023_01_03_10_22_03_650.jpg, /Users/irenecheung/Desktop/Data_Car/IMG/left_2023_01_03_10_22_03_650.jpg, /Users/irenecheung/Desktop/Data_Car/IMG/right_2023_01_03_10_22_03_650.jpg, 0, 0, 0, 7.88625E-05
/Users/irenecheung/Desktop/Data_Car/IMG/center_2023_01_03_10_22_03_751.jpg, /Users/irenecheung/Desktop/Data_Car/IMG/left_2023_01_03_10_22_03_751.jpg, /Users/irenecheung/Desktop/Data_Car/IMG/right_2023_01_03_10_22_03_751.jpg, 0, 0, 0, 7.803221E-05
/Users/irenecheung/Desktop/Data_Car/IMG/center_2023_01_03_10_22_03_855.jpg, /Users/irenecheung/Desktop/Data_Car/IMG/left_2023_01_03_10_22_03_855.jpg, /Users/irenecheung/Desktop/Data_Car/IMG/right_2023_01_03_10_22_03_855.jpg, 0, 0, 0, 7.814258E-05
/Users/irenecheung/Desktop/Data_Car/IMG/center_2023_01_03_10_22_03_957.jpg, /Users/irenecheung/Desktop/Data_Car/IMG/left_2023_01_03_10_22_03_957.jpg, /Users/irenecheung/Desktop/Data_Car/IMG/right_2023_01_03_10_22_03_957.jpg, 0, 0, 0, 7.938996E-05
/Users/irenecheung/Desktop/Data_Car/IMG/center_2023_01_03_10_22_04_066.jpg, /Users/irenecheung/Desktop/Data_Car/IMG/left_2023_01_03_10_22_04_066.jpg, /Users/irenecheung/Desktop/Data_Car/IMG/right_2023_01_03_10_22_04_066.jpg, 0, 0, 0, 8.128161E-05
/Users/irenecheung/Desktop/Data_Car/IMG/center_2023_01_03_10_22_04_167.jpg, /Users/irenecheung/Desktop/Data_Car/IMG/left_2023_01_03_10_22_04_167.jpg, /Users/irenecheung/Desktop/Data_Car/IMG/right_2023_01_03_10_22_04_167.jpg, 0, 0, 0, 7.798565E-05
/Users/irenecheung/Desktop/Data_Car/IMG/center_2023_01_03_10_22_04_271.jpg, /Users/irenecheung/Desktop/Data_Car/IMG/left_2023_01_03_10_22_04_271.jpg, /Users/irenecheung/Desktop/Data_Car/IMG/right_2023_01_03_10_22_04_271.jpg, 0, 0, 0, 7.799949E-05
/Users/irenecheung/Desktop/Data_Car/IMG/center_2023_01_03_10_22_04_373.jpg, /Users/irenecheung/Desktop/Data_Car/IMG/left_2023_01_03_10_22_04_373.jpg, /Users/irenecheung/Desktop/Data_Car/IMG/right_2023_01_03_10_22_04_373.jpg, 0, 0, 0, 7.854206E-05
/Users/irenecheung/Desktop/Data_Car/IMG/center_2023_01_03_10_22_04_478.jpg, /Users/irenecheung/Desktop/Data_Car/IMG/left_2023_01_03_10_22_04_478.jpg, /Users/irenecheung/Desktop/Data_Car/IMG/right_2023_01_03_10_22_04_478.jpg, 0, 0, 0, 7.879667E-05
/Users/irenecheung/Desktop/Data_Car/IMG/center_2023_01_03_10_22_04_581.jpg, /Users/irenecheung/Desktop/Data_Car/IMG/left_2023_01_03_10_22_04_581.jpg, /Users/irenecheung/Desktop/Data_Car/IMG/right_2023_01_03_10_22_04_581.jpg, 0, 0, 0, 7.804507E-05
/Users/irenecheung/Desktop/Data_Car/IMG/center_2023_01_03_10_22_04_683.jpg, /Users/irenecheung/Desktop/Data_Car/IMG/left_2023_01_03_10_22_04_683.jpg, /Users/irenecheung/Desktop/Data_Car/IMG/right_2023_01_03_10_22_04_683.jpg, 0, 0, 0, 7.827332E-05
/Users/irenecheung/Desktop/Data_Car/IMG/center_2023_01_03_10_22_04_787.jpg, /Users/irenecheung/Desktop/Data_Car/IMG/left_2023_01_03_10_22_04_787.jpg, /Users/irenecheung/Desktop/Data_Car/IMG/right_2023_01_03_10_22_04_787.jpg, 0, 0, 0, 7.832636E-05
/Users/irenecheung/Desktop/Data_Car/IMG/center_2023_01_03_10_22_04_892.jpg, /Users/irenecheung/Desktop/Data_Car/IMG/left_2023_01_03_10_22_04_892.jpg, /Users/irenecheung/Desktop/Data_Car/IMG/right_2023_01_03_10_22_04_892.jpg, 0, 0, 0, 7.869865E-05
/Users/irenecheung/Desktop/Data_Car/IMG/center_2023_01_03_10_22_04_994.jpg, /Users/irenecheung/Desktop/Data_Car/IMG/left_2023_01_03_10_22_04_994.jpg, /Users/irenecheung/Desktop/Data_Car/IMG/right_2023_01_03_10_22_04_994.jpg, 0, 0, 0, 7.927441E-05
/Users/irenecheung/Desktop/Data_Car/IMG/center_2023_01_03_10_22_05_097.jpg, /Users/irenecheung/Desktop/Data_Car/IMG/left_2023_01_03_10_22_05_097.jpg, /Users/irenecheung/Desktop/Data_Car/IMG/right_2023_01_03_10_22_05_097.jpg, 0, 0, 0, 7.812503E-05
/Users/irenecheung/Desktop/Data_Car/IMG/center_2023_01_03_10_22_05_202.jpg, /Users/irenecheung/Desktop/Data_Car/IMG/left_2023_01_03_10_22_05_202.jpg, /Users/irenecheung/Desktop/Data_Car/IMG/right_2023_01_03_10_22_05_202.jpg, 0, 0, 0, 7.793956E-05
/Users/irenecheung/Desktop/Data_Car/IMG/center_2023_01_03_10_22_05_304.jpg, /Users/irenecheung/Desktop/Data_Car/IMG/left_2023_01_03_10_22_05_304.jpg, /Users/irenecheung/Desktop/Data_Car/IMG/right_2023_01_03_10_22_05_304.jpg, 0, 0, 0, 7.824774E-05
/Users/irenecheung/Desktop/Data_Car/IMG/center_2023_01_03_10_22_05_406.jpg, /Users/irenecheung/Desktop/Data_Car/IMG/left_2023_01_03_10_22_05_406.jpg, /Users/irenecheung/Desktop/Data_Car/IMG/right_2023_01_03_10_22_05_406.jpg, 0, 0, 0, 7.811804E-05
/Users/irenecheung/Desktop/Data_Car/IMG/center_2023_01_03_10_22_05_510.jpg, /Users/irenecheung/Desktop/Data_Car/IMG/left_2023_01_03_10_22_05_510.jpg, /Users/irenecheung/Desktop/Data_Car/IMG/right_2023_01_03_10_22_05_510.jpg, 0, 0, 0, 7.805949E-05
/Users/irenecheung/Desktop/Data_Car/IMG/center_2023_01_03_10_22_05_614.jpg, /Users/irenecheung/Desktop/Data_Car/IMG/left_2023_01_03_10_22_05_614.jpg, /Users/irenecheung/Desktop/Data_Car/IMG/right_2023_01_03_10_22_05_614.jpg, 0, 0, 0, 7.825204E-05
/Users/irenecheung/Desktop/Data_Car/IMG/center_2023_01_03_10_22_05_718.jpg, /Users/irenecheung/Desktop/Data_Car/IMG/left_2023_01_03_10_22_05_718.jpg, /Users/irenecheung/Desktop/Data_Car/IMG/right_2023_01_03_10_22_05_718.jpg, 0, 0, 0, 7.834788E-05
/Users/irenecheung/Desktop/Data_Car/IMG/center_2023_01_03_10_22_05_818.jpg, /Users/irenecheung/Desktop/Data_Car/IMG/left_2023_01_03_10_22_05_818.jpg, /Users/irenecheung/Desktop/Data_Car/IMG/right_2023_01_03_10_22_05_818.jpg, 0, 0, 0, 7.874508E-05
/Users/irenecheung/Desktop/Data_Car/IMG/center_2023_01_03_10_22_05_920.jpg, /Users/irenecheung/Desktop/Data_Car/IMG/left_2023_01_03_10_22_05_920.jpg, /Users/irenecheung/Desktop/Data_Car/IMG/right_2023_01_03_10_22_05_920.jpg, 0, 0, 0, 7.796978E-05
/Users/irenecheung/Desktop/Data_Car/IMG/center_2023_01_03_10_22_06_020.jpg, /Users/irenecheung/Desktop/Data_Car/IMG/left_2023_01_03_10_22_06_020.jpg, /Users/irenecheung/Desktop/Data_Car/IMG/right_2023_01_03_10_22_06_020.jpg, 0, 0, 0, 7.866411E-05
/Users/irenecheung/Desktop/Data_Car/IMG/center_2023_01_03_10_22_06_124.jpg, /Users/irenecheung/Desktop/Data_Car/IMG/left_2023_01_03_10_22_06_124.jpg, /Users/irenecheung/Desktop/Data_Car/IMG/right_2023_01_03_10_22_06_124.jpg, 0, 0, 0, 7.777593E-05
/Users/irenecheung/Desktop/Data_Car/IMG/center_2023_01_03_10_22_06_227.jpg, /Users/irenecheung/Desktop/Data_Car/IMG/left_2023_01_03_10_22_06_227.jpg, /Users/irenecheung/Desktop/Data_Car/IMG/right_2023_01_03_10_22_06_227.jpg, 0, 0, 0, 7.870713E-05
/Users/irenecheung/Desktop/Data_Car/IMG/center_2023_01_03_10_22_06_327.jpg, /Users/irenecheung/Desktop/Data_Car/IMG/left_2023_01_03_10_22_06_327.jpg, /Users/irenecheung/Desktop/Data_Car/IMG/right_2023_01_03_10_22_06_327.jpg, 0, 0, 0, 7.902561E-05
/Users/irenecheung/Desktop/Data_Car/IMG/center_2023_01_03_10_22_06_431.jpg, /Users/irenecheung/Desktop/Data_Car/IMG/left_2023_01_03_10_22_06_431.jpg, /Users/irenecheung/Desktop/Data_Car/IMG/right_2023_01_03_10_22_06_431.jpg, 0, 0, 0, 7.796159E-05
/Users/irenecheung/Desktop/Data_Car/IMG/center_2023_01_03_10_22_06_532.jpg, /Users/irenecheung/Desktop/Data_Car/IMG/left_2023_01_03_10_22_06_532.jpg, /Users/irenecheung/Desktop/Data_Car/IMG/right_2023_01_03_10_22_06_532.jpg, 0, 0, 0, 7.814653E-05
/Users/irenecheung/Desktop/Data_Car/IMG/center_2023_01_03_10_22_06_633.jpg, /Users/irenecheung/Desktop/Data_Car/IMG/left_2023_01_03_10_22_06_633.jpg, /Users/irenecheung/Desktop/Data_Car/IMG/right_2023_01_03_10_22_06_633.jpg, 0, 0, 0, 7.840626E-05
/Users/irenecheung/Desktop/Data_Car/IMG/center_2023_01_03_10_22_06_737.jpg, /Users/irenecheung/Desktop/Data_Car/IMG/left_2023_01_03_10_22_06_737.jpg, /Users/irenecheung/Desktop/Data_Car/IMG/right_2023_01_03_10_22_06_737.jpg, 0, 0, 0, 7.789077E-05
/Users/irenecheung/Desktop/Data_Car/IMG/center_2023_01_03_10_22_06_837.jpg, /Users/irenecheung/Desktop/Data_Car/IMG/left_2023_01_03_10_22_06_837.jpg, /Users/irenecheung/Desktop/Data_Car/IMG/right_2023_01_03_10_22_06_837.jpg, 0, 0, 0, 7.830188E-05
/Users/irenecheung/Desktop/Data_Car/IMG/center_2023_01_03_10_22_06_940.jpg, /Users/irenecheung/Desktop/Data_Car/IMG/left_2023_01_03_10_22_06_940.jpg, /Users/irenecheung/Desktop/Data_Car/IMG/right_2023_01_03_10_22_06_940.jpg, 0, 0, 0, 7.812338E-05
/Users/irenecheung/Desktop/Data_Car/IMG/center_2023_01_03_10_22_07_044.jpg, /Users/irenecheung/Desktop/Data_Car/IMG/left_2023_01_03_10_22_07_044.jpg, /Users/irenecheung/Desktop/Data_Car/IMG/right_2023_01_03_10_22_07_044.jpg, 0, 0, 0, 7.820062E-05
/Users/irenecheung/Desktop/Data_Car/IMG/center_2023_01_03_10_22_07_147.jpg, /Users/irenecheung/Desktop/Data_Car/IMG/left_2023_01_03_10_22_07_147.jpg, /Users/irenecheung/Desktop/Data_Car/IMG/right_2023_01_03_10_22_07_147.jpg, 0, 0, 0, 7.81155E-05
/Users/irenecheung/Desktop/Data_Car/IMG/center_2023_01_03_10_22_07_251.jpg, /Users/irenecheung/Desktop/Data_Car/IMG/left_2023_01_03_10_22_07_251.jpg, /Users/irenecheung/Desktop/Data_Car/IMG/right_2023_01_03_10_22_07_251.jpg, 0, 0, 0, 7.909344E-05
/Users/irenecheung/Desktop/Data_Car/IMG/center_2023_01_03_10_22_07_354.jpg, /Users/irenecheung/Desktop/Data_Car/IMG/left_2023_01_03_10_22_07_354.jpg, /Users/irenecheung/Desktop/Data_Car/IMG/right_2023_01_03_10_22_07_354.jpg, 0, 0, 0, 7.794566E-05
/Users/irenecheung/Desktop/Data_Car/IMG/center_2023_01_03_10_22_07_455.jpg, /Users/irenecheung/Desktop/Data_Car/IMG/left_2023_01_03_10_22_07_455.jpg, /Users/irenecheung/Desktop/Data_Car/IMG/right_2023_01_03_10_22_07_455.jpg, 0, 0, 0, 7.822269E-05
/Users/irenecheung/Desktop/Data_Car/IMG/center_2023_01_03_10_22_07_557.jpg, /Users/irenecheung/Desktop/Data_Car/IMG/left_2023_01_03_10_22_07_557.jpg, /Users/irenecheung/Desktop/Data_Car/IMG/right_2023_01_03_10_22_07_557.jpg, 0, 0, 0, 7.834665E-05
/Users/irenecheung/Desktop/Data_Car/IMG/center_2023_01_03_10_22_07_658.jpg, /Users/irenecheung/Desktop/Data_Car/IMG/left_2023_01_03_10_22_07_658.jpg, /Users/irenecheung/Desktop/Data_Car/IMG/right_2023_01_03_10_22_07_658.jpg, 0, 0, 0, 7.815457E-05
/Users/irenecheung/Desktop/Data_Car/IMG/center_2023_01_03_10_22_07_759.jpg, /Users/irenecheung/Desktop/Data_Car/IMG/left_2023_01_03_10_22_07_759.jpg, /Users/irenecheung/Desktop/Data_Car/IMG/right_2023_01_03_10_22_07_759.jpg, 0, 0, 0, 7.795202E-05
/Users/irenecheung/Desktop/Data_Car/IMG/center_2023_01_03_10_22_07_861.jpg, /Users/irenecheung/Desktop/Data_Car/IMG/left_2023_01_03_10_22_07_861.jpg, /Users/irenecheung/Desktop/Data_Car/IMG/right_2023_01_03_10_22_07_861.jpg, 0, 0, 0, 7.884022E-05
/Users/irenecheung/Desktop/Data_Car/IMG/center_2023_01_03_10_22_07_964.jpg, /Users/irenecheung/Desktop/Data_Car/IMG/left_2023_01_03_10_22_07_964.jpg, /Users/irenecheung/Desktop/Data_Car/IMG/right_2023_01_03_10_22_07_964.jpg, 0, 0, 0, 7.828642E-05
/Users/irenecheung/Desktop/Data_Car/IMG/center_2023_01_03_10_22_08_070.jpg, /Users/irenecheung/Desktop/Data_Car/IMG/left_2023_01_03_10_22_08_070.jpg, /Users/irenecheung/Desktop/Data_Car/IMG/right_2023_01_03_10_22_08_070.jpg, 0, 0, 0, 7.865015E-05
/Users/irenecheung/Desktop/Data_Car/IMG/center_2023_01_03_10_22_08_173.jpg, /Users/irenecheung/Desktop/Data_Car/IMG/left_2023_01_03_10_22_08_173.jpg, /Users/irenecheung/Desktop/Data_Car/IMG/right_2023_01_03_10_22_08_173.jpg, 0, 0, 0, 7.806675E-05
/Users/irenecheung/Desktop/Data_Car/IMG/center_2023_01_03_10_22_08_275.jpg, /Users/irenecheung/Desktop/Data_Car/IMG/left_2023_01_03_10_22_08_275.jpg, /Users/irenecheung/Desktop/Data_Car/IMG/right_2023_01_03_10_22_08_275.jpg, 0, 0, 0, 7.80197E-05
/Users/irenecheung/Desktop/Data_Car/IMG/center_2023_01_03_10_22_08_379.jpg, /Users/irenecheung/Desktop/Data_Car/IMG/left_2023_01_03_10_22_08_379.jpg, /Users/irenecheung/Desktop/Data_Car/IMG/right_2023_01_03_10_22_08_379.jpg, 0, 0, 0, 7.82127E-05
/Users/irenecheung/Desktop/Data_Car/IMG/center_2023_01_03_10_22_08_479.jpg, /Users/irenecheung/Desktop/Data_Car/IMG/left_2023_01_03_10_22_08_479.jpg, /Users/irenecheung/Desktop/Data_Car/IMG/right_2023_01_03_10_22_08_479.jpg, 0, 0, 0, 7.897717E-05
/Users/irenecheung/Desktop/Data_Car/IMG/center_2023_01_03_10_22_08_582.jpg, /Users/irenecheung/Desktop/Data_Car/IMG/left_2023_01_03_10_22_08_582.jpg, /Users/irenecheung/Desktop/Data_Car/IMG/right_2023_01_03_10_22_08_582.jpg, 0, 0, 0, 7.889641E-05
/Users/irenecheung/Desktop/Data_Car/IMG/center_2023_01_03_10_22_08_684.jpg, /Users/irenecheung/Desktop/Data_Car/IMG/left_2023_01_03_10_22_08_684.jpg, /Users/irenecheung/Desktop/Data_Car/IMG/right_2023_01_03_10_22_08_684.jpg, 0, 0, 0, 7.791115E-05
/Users/irenecheung/Desktop/Data_Car/IMG/center_2023_01_03_10_22_08_790.jpg, /Users/irenecheung/Desktop/Data_Car/IMG/left_2023_01_03_10_22_08_790.jpg, /Users/irenecheung/Desktop/Data_Car/IMG/right_2023_01_03_10_22_08_790.jpg, 0, 0, 0, 7.802936E-05
/Users/irenecheung/Desktop/Data_Car/IMG/center_2023_01_03_10_22_08_893.jpg, /Users/irenecheung/Desktop/Data_Car/IMG/left_2023_01_03_10_22_08_893.jpg, /Users/irenecheung/Desktop/Data_Car/IMG/right_2023_01_03_10_22_08_893.jpg, 0, 0, 0, 7.804164E-05
/Users/irenecheung/Desktop/Data_Car/IMG/center_2023_01_03_10_22_08_997.jpg, /Users/irenecheung/Desktop/Data_Car/IMG/left_2023_01_03_10_22_08_997.jpg, /Users/irenecheung/Desktop/Data_Car/IMG/right_2023_01_03_10_22_08_997.jpg, 0, 0, 0, 7.922832E-05
/Users/irenecheung/Desktop/Data_Car/IMG/center_2023_01_03_10_22_09_099.jpg, /Users/irenecheung/Desktop/Data_Car/IMG/left_2023_01_03_10_22_09_099.jpg, /Users/irenecheung/Desktop/Data_Car/IMG/right_2023_01_03_10_22_09_099.jpg, 0, 0, 0, 7.801919E-05
/Users/irenecheung/Desktop/Data_Car/IMG/center_2023_01_03_10_22_09_207.jpg, /Users/irenecheung/Desktop/Data_Car/IMG/left_2023_01_03_10_22_09_207.jpg, /Users/irenecheung/Desktop/Data_Car/IMG/right_2023_01_03_10_22_09_207.jpg, 0, 0, 0, 7.784832E-05
/Users/irenecheung/Desktop/Data_Car/IMG/center_2023_01_03_10_22_09_308.jpg, /Users/irenecheung/Desktop/Data_Car/IMG/left_2023_01_03_10_22_09_308.jpg, /Users/irenecheung/Desktop/Data_Car/IMG/right_2023_01_03_10_22_09_308.jpg, 0, 0, 0, 7.808498E-05
/Users/irenecheung/Desktop/Data_Car/IMG/center_2023_01_03_10_22_09_408.jpg, /Users/irenecheung/Desktop/Data_Car/IMG/left_2023_01_03_10_22_09_408.jpg, /Users/irenecheung/Desktop/Data_Car/IMG/right_2023_01_03_10_22_09_408.jpg, 0, 0, 0, 7.785812E-05
/Users/irenecheung/Desktop/Data_Car/IMG/center_2023_01_03_10_46_28_998.jpg, /Users/irenecheung/Desktop/Data_Car/IMG/left_2023_01_03_10_46_28_998.jpg, /Users/irenecheung/Desktop/Data_Car/IMG/right_2023_01_03_10_46_28_998.jpg, 0, 0, 0, 1.280356
/Users/irenecheung/Desktop/Data_Car/IMG/center_2023_01_03_10_46_29_104.jpg, /Users/irenecheung/Desktop/Data_Car/IMG/left_2023_01_03_10_46_29_104.jpg, /Users/irenecheung/Desktop/Data_Car/IMG/right_2023_01_03_10_46_29_104.jpg, 0, 0, 0, 1.263992
/Users/irenecheung/Desktop/Data_Car/IMG/center_2023_01_03_10_46_29_209.jpg, /Users/irenecheung/Desktop/Data_Car/IMG/left_2023_01_03_10_46_29_209.jpg, /Users/irenecheung/Desktop/Data_Car/IMG/right_2023_01_03_10_46_29_209.jpg, 0, 0, 0, 1.250515
/Users/irenecheung/Desktop/Data_Car/IMG/center_2023_01_03_10_46_29_313.jpg, /Users/irenecheung/Desktop/Data_Car/IMG/left_2023_01_03_10_46_29_313.jpg, /Users/irenecheung/Desktop/Data_Car/IMG/right_2023_01_03_10_46_29_313.jpg, 0, 0, 0, 1.237181
/Users/irenecheung/Desktop/Data_Car/IMG/center_2023_01_03_10_46_29_416.jpg, /Users/irenecheung/Desktop/Data_Car/IMG/left_2023_01_03_10_46_29_416.jpg, /Users/irenecheung/Desktop/Data_Car/IMG/right_2023_01_03_10_46_29_416.jpg, 0, 0, 0, 1.22399
/Users/irenecheung/Desktop/Data_Car/IMG/center_2023_01_03_10_46_29_520.jpg, /Users/irenecheung/Desktop/Data_Car/IMG/left_2023_01_03_10_46_29_520.jpg, /Users/irenecheung/Desktop/Data_Car/IMG/right_2023_01_03_10_46_29_520.jpg, 0, 0, 0, 1.21094
/Users/irenecheung/Desktop/Data_Car/IMG/center_2023_01_03_10_46_29_630.jpg, /Users/irenecheung/Desktop/Data_Car/IMG/left_2023_01_03_10_46_29_630.jpg, /Users/irenecheung/Desktop/Data_Car/IMG/right_2023_01_03_10_46_29_630.jpg, 0, 0, 0, 1.195462
/Users/irenecheung/Desktop/Data_Car/IMG/center_2023_01_03_10_46_29_766.jpg, /Users/irenecheung/Desktop/Data_Car/IMG/left_2023_01_03_10_46_29_766.jpg, /Users/irenecheung/Desktop/Data_Car/IMG/right_2023_01_03_10_46_29_766.jpg, 0, 0, 0, 1.177656
/Users/irenecheung/Desktop/Data_Car/IMG/center_2023_01_03_10_46_29_870.jpg, /Users/irenecheung/Desktop/Data_Car/IMG/left_2023_01_03_10_46_29_870.jpg, /Users/irenecheung/Desktop/Data_Car/IMG/right_2023_01_03_10_46_29_870.jpg, 0, 0, 0, 1.165099
/Users/irenecheung/Desktop/Data_Car/IMG/center_2023_01_03_10_46_29_974.jpg, /Users/irenecheung/Desktop/Data_Car/IMG/left_2023_01_03_10_46_29_974.jpg, /Users/irenecheung/Desktop/Data_Car/IMG/right_2023_01_03_10_46_29_974.jpg, 0, 0, 0, 1.152677
/Users/irenecheung/Desktop/Data_Car/IMG/center_2023_01_03_10_46_30_081.jpg, /Users/irenecheung/Desktop/Data_Car/IMG/left_2023_01_03_10_46_30_081.jpg, /Users/irenecheung/Desktop/Data_Car/IMG/right_2023_01_03_10_46_30_081.jpg, 0, 0, 0, 1.137945
/Users/irenecheung/Desktop/Data_Car/IMG/center_2023_01_03_10_46_30_186.jpg, /Users/irenecheung/Desktop/Data_Car/IMG/left_2023_01_03_10_46_30_186.jpg, /Users/irenecheung/Desktop/Data_Car/IMG/right_2023_01_03_10_46_30_186.jpg, 0, 0, 0, 1.125812
/Users/irenecheung/Desktop/Data_Car/IMG/center_2023_01_03_10_46_30_292.jpg, /Users/irenecheung/Desktop/Data_Car/IMG/left_2023_01_03_10_46_30_292.jpg, /Users/irenecheung/Desktop/Data_Car/IMG/right_2023_01_03_10_46_30_292.jpg, 0, 0, 0, 1.113808
/Users/irenecheung/Desktop/Data_Car/IMG/center_2023_01_03_10_46_30_399.jpg, /Users/irenecheung/Desktop/Data_Car/IMG/left_2023_01_03_10_46_30_399.jpg, /Users/irenecheung/Desktop/Data_Car/IMG/right_2023_01_03_10_46_30_399.jpg, 0, 0, 0, 1.101933
/Users/irenecheung/Desktop/Data_Car/IMG/center_2023_01_03_10_46_30_505.jpg, /Users/irenecheung/Desktop/Data_Car/IMG/left_2023_01_03_10_46_30_505.jpg, /Users/irenecheung/Desktop/Data_Car/IMG/right_2023_01_03_10_46_30_505.jpg, 0, 0, 0, 1.087849
/Users/irenecheung/Desktop/Data_Car/IMG/center_2023_01_03_10_46_30_606.jpg, /Users/irenecheung/Desktop/Data_Car/IMG/left_2023_01_03_10_46_30_606.jpg, /Users/irenecheung/Desktop/Data_Car/IMG/right_2023_01_03_10_46_30_606.jpg, 0, 0, 0, 1.076251
/Users/irenecheung/Desktop/Data_Car/IMG/center_2023_01_03_10_46_30_712.jpg, /Users/irenecheung/Desktop/Data_Car/IMG/left_2023_01_03_10_46_30_712.jpg, /Users/irenecheung/Desktop/Data_Car/IMG/right_2023_01_03_10_46_30_712.jpg, 0, 0, 0, 1.064776
/Users/irenecheung/Desktop/Data_Car/IMG/center_2023_01_03_10_46_30_815.jpg, /Users/irenecheung/Desktop/Data_Car/IMG/left_2023_01_03_10_46_30_815.jpg, /Users/irenecheung/Desktop/Data_Car/IMG/right_2023_01_03_10_46_30_815.jpg, 0, 0, 0, 1.053423
/Users/irenecheung/Desktop/Data_Car/IMG/center_2023_01_03_10_46_30_916.jpg, /Users/irenecheung/Desktop/Data_Car/IMG/left_2023_01_03_10_46_30_916.jpg, /Users/irenecheung/Desktop/Data_Car/IMG/right_2023_01_03_10_46_30_916.jpg, 0, 0, 0, 1.042192
/Users/irenecheung/Desktop/Data_Car/IMG/center_2023_01_03_10_46_31_019.jpg, /Users/irenecheung/Desktop/Data_Car/IMG/left_2023_01_03_10_46_31_019.jpg, /Users/irenecheung/Desktop/Data_Car/IMG/right_2023_01_03_10_46_31_019.jpg, 0, 0, 0, 1.03108
/Users/irenecheung/Desktop/Data_Car/IMG/center_2023_01_03_10_46_31_122.jpg, /Users/irenecheung/Desktop/Data_Car/IMG/left_2023_01_03_10_46_31_122.jpg, /Users/irenecheung/Desktop/Data_Car/IMG/right_2023_01_03_10_46_31_122.jpg, 0, 0, 0, 1.017902
/Users/irenecheung/Desktop/Data_Car/IMG/center_2023_01_03_10_46_31_222.jpg, /Users/irenecheung/Desktop/Data_Car/IMG/left_2023_01_03_10_46_31_222.jpg, /Users/irenecheung/Desktop/Data_Car/IMG/right_2023_01_03_10_46_31_222.jpg, 0, 0, 0, 1.00705
/Users/irenecheung/Desktop/Data_Car/IMG/center_2023_01_03_10_46_31_328.jpg, /Users/irenecheung/Desktop/Data_Car/IMG/left_2023_01_03_10_46_31_328.jpg, /Users/irenecheung/Desktop/Data_Car/IMG/right_2023_01_03_10_46_31_328.jpg, 0, 0, 0, 0.9963126
/Users/irenecheung/Desktop/Data_Car/IMG/center_2023_01_03_10_46_31_430.jpg, /Users/irenecheung/Desktop/Data_Car/IMG/left_2023_01_03_10_46_31_430.jpg, /Users/irenecheung/Desktop/Data_Car/IMG/right_2023_01_03_10_46_31_430.jpg, 0, 0, 0, 0.9856902
/Users/irenecheung/Desktop/Data_Car/IMG/center_2023_01_03_10_46_31_538.jpg, /Users/irenecheung/Desktop/Data_Car/IMG/left_2023_01_03_10_46_31_538.jpg, /Users/irenecheung/Desktop/Data_Car/IMG/right_2023_01_03_10_46_31_538.jpg, 0, 0, 0, 0.9751808
/Users/irenecheung/Desktop/Data_Car/IMG/center_2023_01_03_10_46_31_638.jpg, /Users/irenecheung/Desktop/Data_Car/IMG/left_2023_01_03_10_46_31_638.jpg, /Users/irenecheung/Desktop/Data_Car/IMG/right_2023_01_03_10_46_31_638.jpg, 0, 0, 0, 0.9647835
/Users/irenecheung/Desktop/Data_Car/IMG/center_2023_01_03_10_46_31_744.jpg, /Users/irenecheung/Desktop/Data_Car/IMG/left_2023_01_03_10_46_31_744.jpg, /Users/irenecheung/Desktop/Data_Car/IMG/right_2023_01_03_10_46_31_744.jpg, 0, 0, 0, 0.9524533
/Users/irenecheung/Desktop/Data_Car/IMG/center_2023_01_03_10_46_31_848.jpg, /Users/irenecheung/Desktop/Data_Car/IMG/left_2023_01_03_10_46_31_848.jpg, /Users/irenecheung/Desktop/Data_Car/IMG/right_2023_01_03_10_46_31_848.jpg, 0, 0, 0, 0.9422984
/Users/irenecheung/Desktop/Data_Car/IMG/center_2023_01_03_10_46_31_952.jpg, /Users/irenecheung/Desktop/Data_Car/IMG/left_2023_01_03_10_46_31_952.jpg, /Users/irenecheung/Desktop/Data_Car/IMG/right_2023_01_03_10_46_31_952.jpg, 0, 0, 0, 0.932252
/Users/irenecheung/Desktop/Data_Car/IMG/center_2023_01_03_10_46_32_063.jpg, /Users/irenecheung/Desktop/Data_Car/IMG/left_2023_01_03_10_46_32_063.jpg, /Users/irenecheung/Desktop/Data_Car/IMG/right_2023_01_03_10_46_32_063.jpg, 0, 0, 0, 0.9203377
/Users/irenecheung/Desktop/Data_Car/IMG/center_2023_01_03_10_46_32_167.jpg, /Users/irenecheung/Desktop/Data_Car/IMG/left_2023_01_03_10_46_32_167.jpg, /Users/irenecheung/Desktop/Data_Car/IMG/right_2023_01_03_10_46_32_167.jpg, 0, 0, 0, 0.9105254
/Users/irenecheung/Desktop/Data_Car/IMG/center_2023_01_03_10_46_32_274.jpg, /Users/irenecheung/Desktop/Data_Car/IMG/left_2023_01_03_10_46_32_274.jpg, /Users/irenecheung/Desktop/Data_Car/IMG/right_2023_01_03_10_46_32_274.jpg, 0, 0, 0, 0.9008178
/Users/irenecheung/Desktop/Data_Car/IMG/center_2023_01_03_10_46_32_378.jpg, /Users/irenecheung/Desktop/Data_Car/IMG/left_2023_01_03_10_46_32_378.jpg, /Users/irenecheung/Desktop/Data_Car/IMG/right_2023_01_03_10_46_32_378.jpg, 0, 0, 0, 0.891263
/Users/irenecheung/Desktop/Data_Car/IMG/center_2023_01_03_10_46_32_485.jpg, /Users/irenecheung/Desktop/Data_Car/IMG/left_2023_01_03_10_46_32_485.jpg, /Users/irenecheung/Desktop/Data_Car/IMG/right_2023_01_03_10_46_32_485.jpg, 0, 0, 0, 0.880105
/Users/irenecheung/Desktop/Data_Car/IMG/center_2023_01_03_10_46_32_589.jpg, /Users/irenecheung/Desktop/Data_Car/IMG/left_2023_01_03_10_46_32_589.jpg, /Users/irenecheung/Desktop/Data_Car/IMG/right_2023_01_03_10_46_32_589.jpg, 0, 0, 0, 0.87072
/Users/irenecheung/Desktop/Data_Car/IMG/center_2023_01_03_10_46_32_695.jpg, /Users/irenecheung/Desktop/Data_Car/IMG/left_2023_01_03_10_46_32_695.jpg, /Users/irenecheung/Desktop/Data_Car/IMG/right_2023_01_03_10_46_32_695.jpg, 0, 0, 0, 0.8614351
/Users/irenecheung/Desktop/Data_Car/IMG/center_2023_01_03_10_46_32_804.jpg, /Users/irenecheung/Desktop/Data_Car/IMG/left_2023_01_03_10_46_32_804.jpg, /Users/irenecheung/Desktop/Data_Car/IMG/right_2023_01_03_10_46_32_804.jpg, 0, 0, 0, 0.8504236
/Users/irenecheung/Desktop/Data_Car/IMG/center_2023_01_03_10_46_32_907.jpg, /Users/irenecheung/Desktop/Data_Car/IMG/left_2023_01_03_10_46_32_907.jpg, /Users/irenecheung/Desktop/Data_Car/IMG/right_2023_01_03_10_46_32_907.jpg, 0, 0, 0, 0.841355
/Users/irenecheung/Desktop/Data_Car/IMG/center_2023_01_03_10_46_33_011.jpg, /Users/irenecheung/Desktop/Data_Car/IMG/left_2023_01_03_10_46_33_011.jpg, /Users/irenecheung/Desktop/Data_Car/IMG/right_2023_01_03_10_46_33_011.jpg, 0, 0, 0, 0.8323829
/Users/irenecheung/Desktop/Data_Car/IMG/center_2023_01_03_10_46_33_111.jpg, /Users/irenecheung/Desktop/Data_Car/IMG/left_2023_01_03_10_46_33_111.jpg, /Users/irenecheung/Desktop/Data_Car/IMG/right_2023_01_03_10_46_33_111.jpg, 0, 0, 0, 0.8235064
/Users/irenecheung/Desktop/Data_Car/IMG/center_2023_01_03_10_46_33_216.jpg, /Users/irenecheung/Desktop/Data_Car/IMG/left_2023_01_03_10_46_33_216.jpg, /Users/irenecheung/Desktop/Data_Car/IMG/right_2023_01_03_10_46_33_216.jpg, 0, 0, 0, 0.8147246
/Users/irenecheung/Desktop/Data_Car/IMG/center_2023_01_03_10_46_33_321.jpg, /Users/irenecheung/Desktop/Data_Car/IMG/left_2023_01_03_10_46_33_321.jpg, /Users/irenecheung/Desktop/Data_Car/IMG/right_2023_01_03_10_46_33_321.jpg, 0, 0, 0, 0.8060363
/Users/irenecheung/Desktop/Data_Car/IMG/center_2023_01_03_10_46_33_426.jpg, /Users/irenecheung/Desktop/Data_Car/IMG/left_2023_01_03_10_46_33_426.jpg, /Users/irenecheung/Desktop/Data_Car/IMG/right_2023_01_03_10_46_33_426.jpg, 0, 0, 0, 0.7957327
/Users/irenecheung/Desktop/Data_Car/IMG/center_2023_01_03_10_46_33_527.jpg, /Users/irenecheung/Desktop/Data_Car/IMG/left_2023_01_03_10_46_33_527.jpg, /Users/irenecheung/Desktop/Data_Car/IMG/right_2023_01_03_10_46_33_527.jpg, 0, 0, 0, 0.7872466
/Users/irenecheung/Desktop/Data_Car/IMG/center_2023_01_03_10_46_33_632.jpg, /Users/irenecheung/Desktop/Data_Car/IMG/left_2023_01_03_10_46_33_632.jpg, /Users/irenecheung/Desktop/Data_Car/IMG/right_2023_01_03_10_46_33_632.jpg, 0, 0, 0, 0.7788512
/Users/irenecheung/Desktop/Data_Car/IMG/center_2023_01_03_10_46_33_733.jpg, /Users/irenecheung/Desktop/Data_Car/IMG/left_2023_01_03_10_46_33_733.jpg, /Users/irenecheung/Desktop/Data_Car/IMG/right_2023_01_03_10_46_33_733.jpg, 0, 0, 0, 0.7705452
/Users/irenecheung/Desktop/Data_Car/IMG/center_2023_01_03_10_46_33_840.jpg, /Users/irenecheung/Desktop/Data_Car/IMG/left_2023_01_03_10_46_33_840.jpg, /Users/irenecheung/Desktop/Data_Car/IMG/right_2023_01_03_10_46_33_840.jpg, 0, 0, 0, 0.762328
/Users/irenecheung/Desktop/Data_Car/IMG/center_2023_01_03_10_46_33_941.jpg, /Users/irenecheung/Desktop/Data_Car/IMG/left_2023_01_03_10_46_33_941.jpg, /Users/irenecheung/Desktop/Data_Car/IMG/right_2023_01_03_10_46_33_941.jpg, 0, 0, 0, 0.7525827
/Users/irenecheung/Desktop/Data_Car/IMG/center_2023_01_03_10_46_34_048.jpg, /Users/irenecheung/Desktop/Data_Car/IMG/left_2023_01_03_10_46_34_048.jpg, /Users/irenecheung/Desktop/Data_Car/IMG/right_2023_01_03_10_46_34_048.jpg, 0, 0, 0, 0.7445569
/Users/irenecheung/Desktop/Data_Car/IMG/center_2023_01_03_10_46_34_151.jpg, /Users/irenecheung/Desktop/Data_Car/IMG/left_2023_01_03_10_46_34_151.jpg, /Users/irenecheung/Desktop/Data_Car/IMG/right_2023_01_03_10_46_34_151.jpg, 0, 0, 0, 0.7366165
/Users/irenecheung/Desktop/Data_Car/IMG/center_2023_01_03_10_46_34_255.jpg, /Users/irenecheung/Desktop/Data_Car/IMG/left_2023_01_03_10_46_34_255.jpg, /Users/irenecheung/Desktop/Data_Car/IMG/right_2023_01_03_10_46_34_255.jpg, 0, 0, 0, 0.7287606
/Users/irenecheung/Desktop/Data_Car/IMG/center_2023_01_03_10_46_35_580.jpg, /Users/irenecheung/Desktop/Data_Car/IMG/left_2023_01_03_10_46_35_580.jpg, /Users/irenecheung/Desktop/Data_Car/IMG/right_2023_01_03_10_46_35_580.jpg, 0, 0, 0, 0.6325792
/Users/irenecheung/Desktop/Data_Car/IMG/center_2023_01_03_10_46_35_682.jpg, /Users/irenecheung/Desktop/Data_Car/IMG/left_2023_01_03_10_46_35_682.jpg, /Users/irenecheung/Desktop/Data_Car/IMG/right_2023_01_03_10_46_35_682.jpg, 0, 0, 0, 0.6244912
/Users/irenecheung/Desktop/Data_Car/IMG/center_2023_01_03_10_46_35_786.jpg, /Users/irenecheung/Desktop/Data_Car/IMG/left_2023_01_03_10_46_35_786.jpg, /Users/irenecheung/Desktop/Data_Car/IMG/right_2023_01_03_10_46_35_786.jpg, 0, 0, 0, 0.6178302
/Users/irenecheung/Desktop/Data_Car/IMG/center_2023_01_03_10_46_35_889.jpg, /Users/irenecheung/Desktop/Data_Car/IMG/left_2023_01_03_10_46_35_889.jpg, /Users/irenecheung/Desktop/Data_Car/IMG/right_2023_01_03_10_46_35_889.jpg, 0, 0, 0, 0.6112404
/Users/irenecheung/Desktop/Data_Car/IMG/center_2023_01_03_10_46_35_996.jpg, /Users/irenecheung/Desktop/Data_Car/IMG/left_2023_01_03_10_46_35_996.jpg, /Users/irenecheung/Desktop/Data_Car/IMG/right_2023_01_03_10_46_35_996.jpg, 0, 0, 0, 0.6047207
/Users/irenecheung/Desktop/Data_Car/IMG/center_2023_01_03_10_46_36_097.jpg, /Users/irenecheung/Desktop/Data_Car/IMG/left_2023_01_03_10_46_36_097.jpg, /Users/irenecheung/Desktop/Data_Car/IMG/right_2023_01_03_10_46_36_097.jpg, 0, 0, 0, 0.5982704
/Users/irenecheung/Desktop/Data_Car/IMG/center_2023_01_03_10_46_36_201.jpg, /Users/irenecheung/Desktop/Data_Car/IMG/left_2023_01_03_10_46_36_201.jpg, /Users/irenecheung/Desktop/Data_Car/IMG/right_2023_01_03_10_46_36_201.jpg, 0, 0, 0, 0.5906207
/Users/irenecheung/Desktop/Data_Car/IMG/center_2023_01_03_10_46_36_309.jpg, /Users/irenecheung/Desktop/Data_Car/IMG/left_2023_01_03_10_46_36_309.jpg, /Users/irenecheung/Desktop/Data_Car/IMG/right_2023_01_03_10_46_36_309.jpg, 0, 0, 0, 0.5843207
/Users/irenecheung/Desktop/Data_Car/IMG/center_2023_01_03_10_46_36_415.jpg, /Users/irenecheung/Desktop/Data_Car/IMG/left_2023_01_03_10_46_36_415.jpg, /Users/irenecheung/Desktop/Data_Car/IMG/right_2023_01_03_10_46_36_415.jpg, 0, 0, 0, 0.5780878
/Users/irenecheung/Desktop/Data_Car/IMG/center_2023_01_03_10_46_36_520.jpg, /Users/irenecheung/Desktop/Data_Car/IMG/left_2023_01_03_10_46_36_520.jpg, /Users/irenecheung/Desktop/Data_Car/IMG/right_2023_01_03_10_46_36_520.jpg, 0, 0, 0, 0.5719213
/Users/irenecheung/Desktop/Data_Car/IMG/center_2023_01_03_10_46_36_621.jpg, /Users/irenecheung/Desktop/Data_Car/IMG/left_2023_01_03_10_46_36_621.jpg, /Users/irenecheung/Desktop/Data_Car/IMG/right_2023_01_03_10_46_36_621.jpg, 0, 0, 0, 0.5658205
/Users/irenecheung/Desktop/Data_Car/IMG/center_2023_01_03_10_46_36_723.jpg, /Users/irenecheung/Desktop/Data_Car/IMG/left_2023_01_03_10_46_36_723.jpg, /Users/irenecheung/Desktop/Data_Car/IMG/right_2023_01_03_10_46_36_723.jpg, 0, 0, 0, 0.5585854
/Users/irenecheung/Desktop/Data_Car/IMG/center_2023_01_03_10_46_36_829.jpg, /Users/irenecheung/Desktop/Data_Car/IMG/left_2023_01_03_10_46_36_829.jpg, /Users/irenecheung/Desktop/Data_Car/IMG/right_2023_01_03_10_46_36_829.jpg, 0, 0, 0, 0.5526268
/Users/irenecheung/Desktop/Data_Car/IMG/center_2023_01_03_10_46_36_935.jpg, /Users/irenecheung/Desktop/Data_Car/IMG/left_2023_01_03_10_46_36_935.jpg, /Users/irenecheung/Desktop/Data_Car/IMG/right_2023_01_03_10_46_36_935.jpg, 0, 0, 0, 0.5467316
/Users/irenecheung/Desktop/Data_Car/IMG/center_2023_01_03_10_46_37_036.jpg, /Users/irenecheung/Desktop/Data_Car/IMG/left_2023_01_03_10_46_37_036.jpg, /Users/irenecheung/Desktop/Data_Car/IMG/right_2023_01_03_10_46_37_036.jpg, 0, 0, 0, 0.5408992
/Users/irenecheung/Desktop/Data_Car/IMG/center_2023_01_03_10_46_37_137.jpg, /Users/irenecheung/Desktop/Data_Car/IMG/left_2023_01_03_10_46_37_137.jpg, /Users/irenecheung/Desktop/Data_Car/IMG/right_2023_01_03_10_46_37_137.jpg, 0, 0, 0, 0.5351292
/Users/irenecheung/Desktop/Data_Car/IMG/center_2023_01_03_10_46_37_238.jpg, /Users/irenecheung/Desktop/Data_Car/IMG/left_2023_01_03_10_46_37_238.jpg, /Users/irenecheung/Desktop/Data_Car/IMG/right_2023_01_03_10_46_37_238.jpg, 0, 0, 0, 0.5294207
/Users/irenecheung/Desktop/Data_Car/IMG/center_2023_01_03_10_46_37_339.jpg, /Users/irenecheung/Desktop/Data_Car/IMG/left_2023_01_03_10_46_37_339.jpg, /Users/irenecheung/Desktop/Data_Car/IMG/right_2023_01_03_10_46_37_339.jpg, 0, 0, 0, 0.5237728
/Users/irenecheung/Desktop/Data_Car/IMG/center_2023_01_03_10_46_37_444.jpg, /Users/irenecheung/Desktop/Data_Car/IMG/left_2023_01_03_10_46_37_444.jpg, /Users/irenecheung/Desktop/Data_Car/IMG/right_2023_01_03_10_46_37_444.jpg, 0, 0, 0, 0.5170749
/Users/irenecheung/Desktop/Data_Car/IMG/center_2023_01_03_10_46_37_548.jpg, /Users/irenecheung/Desktop/Data_Car/IMG/left_2023_01_03_10_46_37_548.jpg, /Users/irenecheung/Desktop/Data_Car/IMG/right_2023_01_03_10_46_37_548.jpg, 0, 0, 0, 0.5115588
/Users/irenecheung/Desktop/Data_Car/IMG/center_2023_01_03_10_46_37_653.jpg, /Users/irenecheung/Desktop/Data_Car/IMG/left_2023_01_03_10_46_37_653.jpg, /Users/irenecheung/Desktop/Data_Car/IMG/right_2023_01_03_10_46_37_653.jpg, 0, 0, 0, 0.5061015
/Users/irenecheung/Desktop/Data_Car/IMG/center_2023_01_03_10_46_37_758.jpg, /Users/irenecheung/Desktop/Data_Car/IMG/left_2023_01_03_10_46_37_758.jpg, /Users/irenecheung/Desktop/Data_Car/IMG/right_2023_01_03_10_46_37_758.jpg, 0, 0, 0, 0.5007021
/Users/irenecheung/Desktop/Data_Car/IMG/center_2023_01_03_10_46_37_862.jpg, /Users/irenecheung/Desktop/Data_Car/IMG/left_2023_01_03_10_46_37_862.jpg, /Users/irenecheung/Desktop/Data_Car/IMG/right_2023_01_03_10_46_37_862.jpg, 0, 0, 0, 0.4942989
/Users/irenecheung/Desktop/Data_Car/IMG/center_2023_01_03_10_46_37_967.jpg, /Users/irenecheung/Desktop/Data_Car/IMG/left_2023_01_03_10_46_37_967.jpg, /Users/irenecheung/Desktop/Data_Car/IMG/right_2023_01_03_10_46_37_967.jpg, 0, 0, 0, 0.4890254
/Users/irenecheung/Desktop/Data_Car/IMG/center_2023_01_03_10_46_38_071.jpg, /Users/irenecheung/Desktop/Data_Car/IMG/left_2023_01_03_10_46_38_071.jpg, /Users/irenecheung/Desktop/Data_Car/IMG/right_2023_01_03_10_46_38_071.jpg, 0, 0, 0, 0.4838082
/Users/irenecheung/Desktop/Data_Car/IMG/center_2023_01_03_10_46_38_174.jpg, /Users/irenecheung/Desktop/Data_Car/IMG/left_2023_01_03_10_46_38_174.jpg, /Users/irenecheung/Desktop/Data_Car/IMG/right_2023_01_03_10_46_38_174.jpg, 0, 0, 0, 0.4786465
/Users/irenecheung/Desktop/Data_Car/IMG/center_2023_01_03_10_46_38_279.jpg, /Users/irenecheung/Desktop/Data_Car/IMG/left_2023_01_03_10_46_38_279.jpg, /Users/irenecheung/Desktop/Data_Car/IMG/right_2023_01_03_10_46_38_279.jpg, 0, 0, 0, 0.4735399
/Users/irenecheung/Desktop/Data_Car/IMG/center_2023_01_03_10_46_38_386.jpg, /Users/irenecheung/Desktop/Data_Car/IMG/left_2023_01_03_10_46_38_386.jpg, /Users/irenecheung/Desktop/Data_Car/IMG/right_2023_01_03_10_46_38_386.jpg, 0, 0, 0, 0.4674836
/Users/irenecheung/Desktop/Data_Car/IMG/center_2023_01_03_10_46_38_489.jpg, /Users/irenecheung/Desktop/Data_Car/IMG/left_2023_01_03_10_46_38_489.jpg, /Users/irenecheung/Desktop/Data_Car/IMG/right_2023_01_03_10_46_38_489.jpg, 0, 0, 0, 0.4624958
/Users/irenecheung/Desktop/Data_Car/IMG/center_2023_01_03_10_46_47_675.jpg, /Users/irenecheung/Desktop/Data_Car/IMG/left_2023_01_03_10_46_47_675.jpg, /Users/irenecheung/Desktop/Data_Car/IMG/right_2023_01_03_10_46_47_675.jpg, 0, 0, 0, 8.003765E-05
/Users/irenecheung/Desktop/Data_Car/IMG/center_2023_01_03_10_46_47_779.jpg, /Users/irenecheung/Desktop/Data_Car/IMG/left_2023_01_03_10_46_47_779.jpg, /Users/irenecheung/Desktop/Data_Car/IMG/right_2023_01_03_10_46_47_779.jpg, 0, 0, 0, 8.146369E-05
/Users/irenecheung/Desktop/Data_Car/IMG/center_2023_01_03_10_46_47_885.jpg, /Users/irenecheung/Desktop/Data_Car/IMG/left_2023_01_03_10_46_47_885.jpg, /Users/irenecheung/Desktop/Data_Car/IMG/right_2023_01_03_10_46_47_885.jpg, 0, 0, 0, 7.993652E-05
/Users/irenecheung/Desktop/Data_Car/IMG/center_2023_01_03_10_46_47_992.jpg, /Users/irenecheung/Desktop/Data_Car/IMG/left_2023_01_03_10_46_47_992.jpg, /Users/irenecheung/Desktop/Data_Car/IMG/right_2023_01_03_10_46_47_992.jpg, 0, 0, 0, 8.036183E-05
/Users/irenecheung/Desktop/Data_Car/IMG/center_2023_01_03_10_46_48_096.jpg, /Users/irenecheung/Desktop/Data_Car/IMG/left_2023_01_03_10_46_48_096.jpg, /Users/irenecheung/Desktop/Data_Car/IMG/right_2023_01_03_10_46_48_096.jpg, 0, 0, 0, 8.035938E-05
/Users/irenecheung/Desktop/Data_Car/IMG/center_2023_01_03_10_46_48_198.jpg, /Users/irenecheung/Desktop/Data_Car/IMG/left_2023_01_03_10_46_48_198.jpg, /Users/irenecheung/Desktop/Data_Car/IMG/right_2023_01_03_10_46_48_198.jpg, 0, 0, 0, 8.051491E-05
/Users/irenecheung/Desktop/Data_Car/IMG/center_2023_01_03_10_46_48_303.jpg, /Users/irenecheung/Desktop/Data_Car/IMG/left_2023_01_03_10_46_48_303.jpg, /Users/irenecheung/Desktop/Data_Car/IMG/right_2023_01_03_10_46_48_303.jpg, 0, 0, 0, 8.012922E-05
/Users/irenecheung/Desktop/Data_Car/IMG/center_2023_01_03_10_46_48_409.jpg, /Users/irenecheung/Desktop/Data_Car/IMG/left_2023_01_03_10_46_48_409.jpg, /Users/irenecheung/Desktop/Data_Car/IMG/right_2023_01_03_10_46_48_409.jpg, 0, 0, 0, 8.144195E-05
/Users/irenecheung/Desktop/Data_Car/IMG/center_2023_01_03_10_46_48_511.jpg, /Users/irenecheung/Desktop/Data_Car/IMG/left_2023_01_03_10_46_48_511.jpg, /Users/irenecheung/Desktop/Data_Car/IMG/right_2023_01_03_10_46_48_511.jpg, 0, 0, 0, 8.041105E-05
/Users/irenecheung/Desktop/Data_Car/IMG/center_2023_01_03_10_46_48_616.jpg, /Users/irenecheung/Desktop/Data_Car/IMG/left_2023_01_03_10_46_48_616.jpg, /Users/irenecheung/Desktop/Data_Car/IMG/right_2023_01_03_10_46_48_616.jpg, 0, 0, 0, 8.057369E-05
/Users/irenecheung/Desktop/Data_Car/IMG/center_2023_01_03_10_46_48_722.jpg, /Users/irenecheung/Desktop/Data_Car/IMG/left_2023_01_03_10_46_48_722.jpg, /Users/irenecheung/Desktop/Data_Car/IMG/right_2023_01_03_10_46_48_722.jpg, 0, 0, 0, 8.077147E-05
